[{
  "configName": "MySQL_MainDB",
  "databaseHost": "localhost",
  "databasePort": 3306,
  "databaseName": "backup_db",
  "mysqlUsername": "root",
  "mysqlPassword": "adel_mysql",
  "backupsLocation": "/home/adel/ADEL/PFE/SECOND_DB",
  "backupCommandOptions": "",
  "restoreCommandOptions": ""
},{
  "configName": "MySQL_ProductDB",
  "databaseHost": "localhost",
  "databasePort": 3306,
  "databaseName": "product_db",
  "mysqlUsername": "root",
  "mysqlPassword": "adel_mysql",
  "backupsLocation": "/home/adel/ADEL/PFE/FIRST_DB",
  "backupCommandOptions": "",
  "restoreCommandOptions": ""
}
]